Workbook

Sheet Assumptions
A1: Assumptions (LLM cost audit)
A2: Legend: blue = input you can edit | yellow fill = replace with your own measured value | black = formula
A3: Parameter | B3: Value | C3: Source / note
A4: USD to INR rate | B4: 88 | C4: Assumption: update to the current exchange rate
A5: Output tokens per answer | B5: 70 | C5: Measured average from cost_log.csv
A6: Queries per day | B6: 10000 | C6: Scenario from the W5D6 lesson example; change to your expected traffic
A7: Days per month | B7: 30 | C7: Assumption
A8: Fraction of input tokens kept after compression | B8: 0.389 | C8: Measured by compress_prompt.py (LLMLingua rate=0.4)
A9: Semantic cache hit rate | B9: 0.3 | C9: Assumption: replace with the hit rate from the semantic cache notebook
A10: Share of queries routed to the cheap model | B10: 0.7 | C10: W5D6 lesson: about 70% of queries can be handled by the cheap model
A12: API prices (USD per 1M tokens)
A13: Model | B13: Input | C13: Output | D13: Role in this audit
A14: GPT-4o | B14: 5 | C14: 15 | D14: Strong model (baseline and escalation)
A15: Claude Sonnet 4 | B15: 3 | C15: 15 | D15: Reference only
A16: Gemini 2.0 Flash | B16: 0.1 | C16: 0.4 | D16: Reference only
A17: GPT-4o mini | B17: 0.15 | C17: 0.6 | D17: Cheap model (routing target)
A18: Source: W5D6 lesson table. Check current provider pricing before quoting these figures.

Sheet Audit
A1: Token-cost audit: baseline vs optimised (INR)
A2: Baseline = every query sent to GPT-4o with the full prompt. Optimised = compression + semantic cache + cheap-model routing. Monthly columns assume ALL queries use that prompt size.
A4: Prompt size | B4: Chunks | C4: Input tokens | D4: Output tokens | E4: Baseline cost / query (USD) | F4: Baseline cost / query (INR) | G4: Optimised input tokens | H4: Cheap model cost (INR) | I4: Strong model cost, compressed (INR) | J4: Optimised cost / query (INR) | K4: Saving % | L4: Baseline / month (INR) | M4: Optimised / month (INR) | N4: Saving / month (INR)
A5: 1 chunks | B5: 1 | C5: 228 | D5: =Assumptions!$B$5 | E5: =(C5*Assumptions!$B$14+D5*Assumptions!$C$14)/1000000 | F5: =E5*Assumptions!$B$4 | G5: =C5*Assumptions!$B$8 | H5: =(G5*Assumptions!$B$17+D5*Assumptions!$C$17)/1000000*Assumptions!$B$4 | I5: =(G5*Assumptions!$B$14+D5*Assumptions!$C$14)/1000000*Assumptions!$B$4 | J5: =(1-Assumptions!$B$9)*(Assumptions!$B$10*H5+(1-Assumptions!$B$10)*I5) | K5: =IF(F5=0,0,1-J5/F5) | L5: =F5*Assumptions!$B$6*Assumptions!$B$7 | M5: =J5*Assumptions!$B$6*Assumptions!$B$7 | N5: =L5-M5
A6: 3 chunks | B6: 3 | C6: 537 | D6: =Assumptions!$B$5 | E6: =(C6*Assumptions!$B$14+D6*Assumptions!$C$14)/1000000 | F6: =E6*Assumptions!$B$4 | G6: =C6*Assumptions!$B$8 | H6: =(G6*Assumptions!$B$17+D6*Assumptions!$C$17)/1000000*Assumptions!$B$4 | I6: =(G6*Assumptions!$B$14+D6*Assumptions!$C$14)/1000000*Assumptions!$B$4 | J6: =(1-Assumptions!$B$9)*(Assumptions!$B$10*H6+(1-Assumptions!$B$10)*I6) | K6: =IF(F6=0,0,1-J6/F6) | L6: =F6*Assumptions!$B$6*Assumptions!$B$7 | M6: =J6*Assumptions!$B$6*Assumptions!$B$7 | N6: =L6-M6
A7: 5 chunks | B7: 5 | C7: 911 | D7: =Assumptions!$B$5 | E7: =(C7*Assumptions!$B$14+D7*Assumptions!$C$14)/1000000 | F7: =E7*Assumptions!$B$4 | G7: =C7*Assumptions!$B$8 | H7: =(G7*Assumptions!$B$17+D7*Assumptions!$C$17)/1000000*Assumptions!$B$4 | I7: =(G7*Assumptions!$B$14+D7*Assumptions!$C$14)/1000000*Assumptions!$B$4 | J7: =(1-Assumptions!$B$9)*(Assumptions!$B$10*H7+(1-Assumptions!$B$10)*I7) | K7: =IF(F7=0,0,1-J7/F7) | L7: =F7*Assumptions!$B$6*Assumptions!$B$7 | M7: =J7*Assumptions!$B$6*Assumptions!$B$7 | N7: =L7-M7
A8: 8 chunks | B8: 8 | C8: 1330 | D8: =Assumptions!$B$5 | E8: =(C8*Assumptions!$B$14+D8*Assumptions!$C$14)/1000000 | F8: =E8*Assumptions!$B$4 | G8: =C8*Assumptions!$B$8 | H8: =(G8*Assumptions!$B$17+D8*Assumptions!$C$17)/1000000*Assumptions!$B$4 | I8: =(G8*Assumptions!$B$14+D8*Assumptions!$C$14)/1000000*Assumptions!$B$4 | J8: =(1-Assumptions!$B$9)*(Assumptions!$B$10*H8+(1-Assumptions!$B$10)*I8) | K8: =IF(F8=0,0,1-J8/F8) | L8: =F8*Assumptions!$B$6*Assumptions!$B$7 | M8: =J8*Assumptions!$B$6*Assumptions!$B$7 | N8: =L8-M8
A9: 12 chunks | B9: 12 | C9: 1963 | D9: =Assumptions!$B$5 | E9: =(C9*Assumptions!$B$14+D9*Assumptions!$C$14)/1000000 | F9: =E9*Assumptions!$B$4 | G9: =C9*Assumptions!$B$8 | H9: =(G9*Assumptions!$B$17+D9*Assumptions!$C$17)/1000000*Assumptions!$B$4 | I9: =(G9*Assumptions!$B$14+D9*Assumptions!$C$14)/1000000*Assumptions!$B$4 | J9: =(1-Assumptions!$B$9)*(Assumptions!$B$10*H9+(1-Assumptions!$B$10)*I9) | K9: =IF(F9=0,0,1-J9/F9) | L9: =F9*Assumptions!$B$6*Assumptions!$B$7 | M9: =J9*Assumptions!$B$6*Assumptions!$B$7 | N9: =L9-M9
A10: Average | C10: =AVERAGE(C5:C9) | D10: =AVERAGE(D5:D9) | E10: =AVERAGE(E5:E9) | F10: =AVERAGE(F5:F9) | G10: =AVERAGE(G5:G9) | H10: =AVERAGE(H5:H9) | I10: =AVERAGE(I5:I9) | J10: =AVERAGE(J5:J9) | ... N10: =AVERAGE(N5:N9)
A12: Green = value linked from the Assumptions sheet. Input tokens come from token_audit.py (tiktoken, GPT-4o tokenizer).
